Sucursal,Ubicaci�n,Comuna,Marca,Modelo,Versi�n,A�o,Kilometraje,Segmento,Transmision,Combustible,Placa Patente,Color Exterior,Precio Lista,Link,
SEMINUEVOS PLAZA OESTE,Av. Am�rico Vespucio 2451,Cerrillos,PEUGEOT,208,208 1.2 ALLURE PACK PURETECH 130 AT,2024,38414,CityCar,Automatico,Diesel,TFDL48,BLANCO BANQUISE,14580000,www.pompeyo.cl/usados/TFDL48
SEMINUEVOS MOVICENTER,Am�rico Vespucio Norte 1155,Huechuraba,PEUGEOT,208,208 MCA ACTIVE Gasolina 100hp MT,2025,9504,CityCar,Mecanico,Gasolina,TSWY36,BLANCO BANQUISE,11880000,www.pompeyo.cl/usados/TSWY36
AUTOSHOPPING,av. Departamental 4500,Macul,PEUGEOT,208,208 MCA ACTIVE Gasolina 100hp MT,2025,14679,CityCar,Mecanico,Gasolina,TSWY38,BLANCO BANQUISE,11180000,www.pompeyo.cl/usados/TSWY38
SEMINUEVOS MAIPU,Camino a Melipilla 11585,Maipu,PEUGEOT,208,208 MCA ACTIVE Gasolina 75hp MT,2025,14778,CityCar,Mecanico,Gasolina,TTFB39,BLANCO BANQUISE,12480000,www.pompeyo.cl/usados/TTFB39
SEMINUEVOS PLAZA OESTE,Av. Am�rico Vespucio 2451,Cerrillos,PEUGEOT,208,208 1.2 ALLURE PACK PURETECH 130 AT,2023,68742,CityCar,Automatico,Diesel,SGGS11,Azul Vertigo,11980000,www.pompeyo.cl/usados/SGGS11
AUTOSHOPPING,av. Departamental 4500,Macul,PEUGEOT,208,208 1.2 ALLURE PACK PURETECH 130 AT,2024,9557,CityCar,Automatico,Diesel,TRCS98,ROJO ELIXIR,14980000,www.pompeyo.cl/usados/TRCS98
SEMINUEVOS PLAZA OESTE,Av. Am�rico Vespucio 2451,Cerrillos,PEUGEOT,208,208 1.2 PURETECH STYLE 75 MT,2024,12404,CityCar,Mecanico,Diesel,TLXT81,BLANCO NACARADO,10980000,www.pompeyo.cl/usados/TLXT81
AUTOSHOPPING,av. Departamental 4500,Macul,PEUGEOT,208,208 1.2 ALLURE PACK PURETECH 130 AT,2021,68796,CityCar,Automatico,Diesel,RDGP10,GRIS PLATINIUM,11580000,www.pompeyo.cl/usados/RDGP10
SEMINUEVOS MOVICENTER,Am�rico Vespucio Norte 1155,Huechuraba,PEUGEOT,208,208 1.2 ALLURE PACK PURETECH 100 MT,2022,50460,CityCar,Mecanico,Diesel,RWWH27,GRIS PLATINUM,10580000,www.pompeyo.cl/usados/RWWH27
SEMINUEVOS MAIPU,Camino a Melipilla 11585,Maipu,PEUGEOT,301,301 1.6 ACTIVE PACK VTI 115 MT,2019,31278,CityCar,Mecanico,Gasolina,LFPY74,BLANCO BANQUISE,8980000,www.pompeyo.cl/usados/LFPY74
SEMINUEVOS PLAZA OESTE,Av. Am�rico Vespucio 2451,Cerrillos,PEUGEOT,308,308 1.2 ALLURE PACK PURETECH 130HP AT,2023,61050,CityCar,Automatico,Diesel,SKCS26,BLANCO NACARADO,15180000,www.pompeyo.cl/usados/SKCS26
SEMINUEVOS MOVICENTER,Am�rico Vespucio Norte 1155,Huechuraba,PEUGEOT,308,308  1.5 ALLURE PACK BLUEHDI 130 AT DIESEL,2025,7831,CityCar,Automatico,Diesel,TYBF97,Blanco Okenite,21180000,www.pompeyo.cl/usados/TYBF97
AUTOSHOPPING,av. Departamental 4500,Macul,DFSK,560,560 1.8 COMFORT 2R MT,2024,23609,Suv,Mecanico,Gasolina,THZR71,BLANCO,11080000,www.pompeyo.cl/usados/THZR71
SEMINUEVOS MOVICENTER,Am�rico Vespucio Norte 1155,Huechuraba,PEUGEOT,2008,2008 1.5 ALLURE BLUEHDI 130 AT DIESEL,2022,71391,Suv,Automatico,Diesel,RRLL27,NEGRO PERLA NERA,16480000,www.pompeyo.cl/usados/RRLL27
SEMINUEVOS MAIPU,Camino a Melipilla 11585,Maipu,PEUGEOT,2008,2008 1.2 ACTIVE PACK PURETECH 130 MT,2022,35950,Suv,Mecanico,Diesel,SFCH83,BLANCO NACARADO,13580000,www.pompeyo.cl/usados/SFCH83
SEMINUEVOS IRARRAZAVAL,Av Irarrazaval 1330 , �u�oa,PEUGEOT,2008,2008 1.2 ALLURE PACK PURETECH 130HP 4X2 MT 5P,2025,23264,Suv,Mecanico,Diesel,TSWY34,Blanco Okenite,16280000,www.pompeyo.cl/usados/TSWY34
SEMINUEVOS BILBAO,Av. Francisco Bilbao 5318,Las condes,PEUGEOT,2008,2008 MCA GT Electric 156,2025,9066,Suv,Automatico,Electrico,TSWY40,GRIS ARTENSE,24580000,www.pompeyo.cl/usados/TSWY40
SEMINUEVOS BILBAO,Av. Francisco Bilbao 5318,Las condes,PEUGEOT,2008,2008 1.2 ALLURE PACK PURETECH 130 MT,2023,31072,Suv,Mecanico,Diesel,SYJH10,ROJO ELIXIR,13180000,www.pompeyo.cl/usados/SYJH10
SEMINUEVOS MOVICENTER,Am�rico Vespucio Norte 1155,Huechuraba,PEUGEOT,2008,2008 1.2 ALLURE PACK PURETECH 130 MT,2023,14726,Suv,Mecanico,Diesel,SRSJ14,GRIS ARTENSE,14680000,www.pompeyo.cl/usados/SRSJ14
SEMINUEVOS MOVICENTER,Am�rico Vespucio Norte 1155,Huechuraba,PEUGEOT,2008,2008 1.5 ALLURE PACK BLUEHDI 130 AT DIESEL,2025,15720,Suv,Automatico,Diesel,TVCT21,GRIS SELLENIUM,21980000,www.pompeyo.cl/usados/TVCT21
SEMINUEVOS MOVICENTER,Am�rico Vespucio Norte 1155,Huechuraba,PEUGEOT,2008,2008 MCA Allure BlueHDi 130 EAT8,2025,17643,Suv,Automatico,Diesel,TWGZ76,GRIS ARTENSE,19180000,www.pompeyo.cl/usados/TWGZ76
SEMINUEVOS MOVICENTER,Am�rico Vespucio Norte 1155,Huechuraba,PEUGEOT,2008,2008 1.2 ALLURE PACK PURETECH 130 MT,2024,15791,Suv,Mecanico,Diesel,TRGB53,Blanco Okenite,16880000,www.pompeyo.cl/usados/TRGB53
SEMINUEVOS PLAZA OESTE,Av. Am�rico Vespucio 2451,Cerrillos,PEUGEOT,2008,2008 1.2 ALLURE PACK PURETECH 130 AT,2023,42499,Suv,Automatico,Diesel,SSTD83,NARANJO ORANGE FUSION,16080000,www.pompeyo.cl/usados/SSTD83
SEMINUEVOS MOVICENTER,Am�rico Vespucio Norte 1155,Huechuraba,PEUGEOT,2008,2008 1.2 ALLURE PACK PURETECH 130 MT,2022,37313,Suv,Mecanico,Diesel,RKPY35,BLANCO NACARADO,14180000,www.pompeyo.cl/usados/RKPY35
AUTOSHOPPING,av. Departamental 4500,Macul,PEUGEOT,2008,2008 1.2 ALLURE PACK PURETECH 130 AT,2024,9020,Suv,Automatico,Diesel,TCGR29,Blanco Okenite,17480000,www.pompeyo.cl/usados/TCGR29
SEMINUEVOS IRARRAZAVAL,Av Irarrazaval 1330 , �u�oa,PEUGEOT,3008,3008 GT HYBRIDA 300 AT,2025,10624,Suv,Automatico,hibrido,TSWY74,GRIS PLATINUM,28980000,www.pompeyo.cl/usados/TSWY74
SEMINUEVOS BILBAO,Av. Francisco Bilbao 5318,Las condes,PEUGEOT,3008,3008 1.2 ACTIVE PACK PURETECH 130 MT,2024,33305,Suv,Mecanico,Diesel,THLK70,BLANCO NACARADO,17480000,www.pompeyo.cl/usados/THLK70
SEMINUEVOS MOVICENTER,Am�rico Vespucio Norte 1155,Huechuraba,PEUGEOT,3008,3008 1.2 ACTIVE PACK PURETECH 130 MT,2022,29630,Suv,Mecanico,Diesel,RWWK60,GRIS PLATINUM,15280000,www.pompeyo.cl/usados/RWWK60
SEMINUEVOS MAIPU,Camino a Melipilla 11585,Maipu,PEUGEOT,3008,3008 GT HYBRIDA 300 AT,2025,6317,Suv,Automatico,hibrido,VBVJ76,GRIS ARTENSE,31580000,www.pompeyo.cl/usados/VBVJ76
AUTOSHOPPING,av. Departamental 4500,Macul,PEUGEOT,3008,3008 1.2 ACTIVE PACK PURETECH 130 MT6 5P,2021,42140,Suv,Mecanico,Diesel,PPKB19,BLANCO NACARADO,13880000,www.pompeyo.cl/usados/PPKB19
SEMINUEVOS GRAN AVENIDA,Gran Avenida 6771, San miguel,PEUGEOT,3008,3008 1.2 ACTIVE PACK PURETECH 130 MT,2019,82009,Suv,Mecanico,Diesel,KZGY58,GRIS,12980000,www.pompeyo.cl/usados/KZGY58
SEMINUEVOS GRAN AVENIDA,Gran Avenida 6771, San miguel,PEUGEOT,3008,3008 1.5 GT BLACK PACK BLUEHDI 130 EAT8 AT,2023,25684,Suv,Automatico,Diesel,SZRL50,BLANCO NACARADO,23980000,www.pompeyo.cl/usados/SZRL50
AUTOSHOPPING,av. Departamental 4500,Macul,PEUGEOT,3008,3008 1.5 ALLURE PACK BLUEHDI 130 AT DIESEL,2022,83665,Suv,Automatico,Diesel,RLGD27,GRIS ARTENSE,18380000,www.pompeyo.cl/usados/RLGD27
SEMINUEVOS MOVICENTER,Am�rico Vespucio Norte 1155,Huechuraba,PEUGEOT,3008,3008 1.2 ACTIVE PACK PURETECH 130 MT,2022,78707,Suv,Mecanico,Diesel,SDVC52,GRIS ARTENSE,13880000,www.pompeyo.cl/usados/SDVC52
SEMINUEVOS IRARRAZAVAL,Av Irarrazaval 1330 , �u�oa,PEUGEOT,5008,5008 P74 GT Hybrid 136hp AT,2025,1651,Suv,Automatico,hibrido,VDDT25,Blanco Okenite,34680000,www.pompeyo.cl/usados/VDDT25
SEMINUEVOS BILBAO,Av. Francisco Bilbao 5318,Las condes,PEUGEOT,5008,5008 P74 GT Hybrid 136hp AT,2025,2257,Suv,Automatico,hibrido,VDDT23,Blanco Okenite,33980000,www.pompeyo.cl/usados/VDDT23
SEMINUEVOS PLAZA OESTE,Av. Am�rico Vespucio 2451,Cerrillos,GEELY,AZKARRA,AZKARRA 1.5 TURBO LUXURY AT,2023,62165,Suv,Automatico,Gasolina,SJCL21,ROJO,15380000,www.pompeyo.cl/usados/SJCL21
AUTOSHOPPING,av. Departamental 4500,Macul,GEELY,AZKARRA,AZKARRA 1.5 TURBO COMFORT AT,2023,57912,Suv,Automatico,Gasolina,SVBW99,PLATEADO PLATA,13180000,www.pompeyo.cl/usados/SVBW99
SEMINUEVOS MAIPU,Camino a Melipilla 11585,Maipu,PEUGEOT,2008,2008 PURETECH 130 1.2,2022,69928,Suv,Mecanico,Diesel,RPFV67,BLANCO NACARADO,12880000,www.pompeyo.cl/usados/RPFV67
SEMINUEVOS MOVICENTER,Am�rico Vespucio Norte 1155,Huechuraba,GEELY,AZKARRA,AZKARRA 1.5 TURBO LUXURY AT,2022,64357,Suv,Automatico,Gasolina,RXLZ66,AZUL,15680000,www.pompeyo.cl/usados/RXLZ66
SEMINUEVOS PLAZA OESTE,Av. Am�rico Vespucio 2451,Cerrillos,GEELY,AZKARRA,AZKARRA 1.5 TURBO LUXURY AT,2023,41287,Suv,Automatico,Gasolina,SLFR63,PLATEADO PLATA,16480000,www.pompeyo.cl/usados/SLFR63
SEMINUEVOS MOVICENTER,Am�rico Vespucio Norte 1155,Huechuraba,GEELY,AZKARRA,AZKARRA 1.5 AUT,2023,39980,Suv,Automatico,Gasolina,SPPL56,NEGRO,12480000,www.pompeyo.cl/usados/SPPL56
SEMINUEVOS GRAN AVENIDA,Gran Avenida 6771, San miguel,GEELY,AZKARRA,AZKARRA 1.5 TURBO LUXURY AT,2023,6711,Suv,Automatico,Gasolina,SRVC26,ROJO,16980000,www.pompeyo.cl/usados/SRVC26
SEMINUEVOS MOVICENTER,Am�rico Vespucio Norte 1155,Huechuraba,SUZUKI,BALENO,BALENO 1.5 GLS MT,2024,36455,CityCar,Mecanico,Gasolina,TGGT46,GRIS PLATA,11780000,www.pompeyo.cl/usados/TGGT46
SEMINUEVOS MOVICENTER,Am�rico Vespucio Norte 1155,Huechuraba,CITROEN,BASALT,Basalt Shine Gasolina 125HP AT,2025,865,Suv,Automatico,Gasolina,VDDF30,NEGRO PERLA NERA,14380000,www.pompeyo.cl/usados/VDDF30
SEMINUEVOS PLAZA OESTE,Av. Am�rico Vespucio 2451,Cerrillos,CITROEN,BERLINGO,Berlingo MCA M Diesel 100HP MT,2025,21832,Furgon,Mecanico,Diesel,VBVK39,BLANCO HIELO,18880000,www.pompeyo.cl/usados/VBVK39
SEMINUEVOS MAIPU,Camino a Melipilla 11585,Maipu,CITROEN,C3,C3 1.2 PURETECH 82 BVM FEEL MT,2018,47801,CityCar,Mecanico,Diesel,JVWJ40,BLANCO T ROJO,9180000,www.pompeyo.cl/usados/JVWJ40
AUTOSHOPPING,av. Departamental 4500,Macul,CITROEN,C3,C3 1.2 PURETECH 82 BVM SHINE CONNECTEDCAM MT,2019,52706,CityCar,Mecanico,Diesel,LBDP39,GRIS PLATINIUM BLANCO,9180000,www.pompeyo.cl/usados/LBDP39
SEMINUEVOS IRARRAZAVAL,Av Irarrazaval 1330 , �u�oa,HONDA,CIVIC,CIVIC  2.0 EXL AT,2022,39654,Sedan,Automatico,Gasolina,PZXX81,PLATEADO PLATA,17880000,www.pompeyo.cl/usados/PZXX81
SEMINUEVOS MAIPU,Camino a Melipilla 11585,Maipu,CHEVROLET,COLORADO,COLORADO 2.8 LS MT DIESEL,2022,81426,Camioneta,Mecanico,Diesel,RTHT62,BLANCO,18680000,www.pompeyo.cl/usados/RTHT62
AUTOSHOPPING,av. Departamental 4500,Macul,OPEL,COMBO,Combo Diesel 100HP MT,2025,840,Furgon,Mecanico,Diesel,VBXK15,BLANCO BLANC ICY,17180000,www.pompeyo.cl/usados/VBXK15
SEMINUEVOS GRAN AVENIDA,Gran Avenida 6771, San miguel,GEELY,COOLRAY,COOLRAY 1.5 SPORT 7DCT AT,2023,81703,Suv,Automatico,Gasolina,SGTV68,PLATEADO PLATA,12980000,www.pompeyo.cl/usados/SGTV68
AUTOSHOPPING,av. Departamental 4500,Macul,GEELY,COOLRAY,COOLRAY 1.5 COMFORT 7DCT AT,2023,44857,Suv,Automatico,Gasolina,SPRV73,GRIS,11980000,www.pompeyo.cl/usados/SPRV73
SEMINUEVOS PLAZA OESTE,Av. Am�rico Vespucio 2451,Cerrillos,GEELY,COOLRAY,COOLRAY 1.5 SPORT 7DCT AT,2023,26081,Suv,Automatico,Gasolina,SPWY98,PLATEADO PLATA,13780000,www.pompeyo.cl/usados/SPWY98
SEMINUEVOS BILBAO,Av. Francisco Bilbao 5318,Las condes,GEELY,COOLRAY,COOLRAY 1.5 COMFORT 7DCT AT,2024,46585,Suv,Automatico,Gasolina,TCFH17,ROJO,13280000,www.pompeyo.cl/usados/TCFH17
SEMINUEVOS BILBAO,Av. Francisco Bilbao 5318,Las condes,GEELY,COOLRAY,COOLRAY 1.5 AUT,2023,27498,Suv,Automatico,Gasolina,SLWK86,BLANCO,13980000,www.pompeyo.cl/usados/SLWK86
SEMINUEVOS MOVICENTER,Am�rico Vespucio Norte 1155,Huechuraba,GEELY,COOLRAY,COOLRAY 1.5 AUT,2023,42073,Suv,Automatico,Gasolina,SJRF44,BLANCO,12180000,www.pompeyo.cl/usados/SJRF44
SEMINUEVOS BILBAO,Av. Francisco Bilbao 5318,Las condes,DFSK,SUV 500,500 1.5 Comfort + LAM.,2023,45,Suv,Mecanico,Gasolina,STHW53,GRIS OSCURO,9180000,www.pompeyo.cl/usados/STHW53
SEMINUEVOS MAIPU,Camino a Melipilla 11585,Maipu,GEELY,COOLRAY,COOLRAY 1.5 EXCLUSIVE 7DCT AT,2023,46777,Suv,Automatico,Gasolina,SHCJ21,BLANCO,12880000,www.pompeyo.cl/usados/SHCJ21
AUTOSHOPPING,av. Departamental 4500,Macul,GEELY,COOLRAY,COOLRAY 1.5 EXCLUSIVE 7DCT AT,2022,34863,Suv,Automatico,Gasolina,SDKP81,BLANCO,12180000,www.pompeyo.cl/usados/SDKP81
SEMINUEVOS MOVICENTER,Am�rico Vespucio Norte 1155,Huechuraba,GEELY,COOLRAY,COOLRAY 1.5 COMFORT 7DCT AT,2024,18309,Suv,Automatico,Gasolina,TSJR78,AZUL,13280000,www.pompeyo.cl/usados/TSJR78
SEMINUEVOS IRARRAZAVAL,Av Irarrazaval 1330 , �u�oa,OPEL,CORSA,Corsa MCA Edition Gasolina 75HP MT,2025,13444,CityCar,Mecanico,Gasolina,TTFB57,ROJO PEPERONCINO,11780000,www.pompeyo.cl/usados/TTFB57
SEMINUEVOS PLAZA OESTE,Av. Am�rico Vespucio 2451,Cerrillos,OPEL,CORSA,Corsa MCA Edition Gasolina 75HP MT,2025,19683,CityCar,Mecanico,Gasolina,TTFB58,BLANCO BANQUISE,13580000,www.pompeyo.cl/usados/TTFB58
AUTOSHOPPING,av. Departamental 4500,Macul,OPEL,CORSA,Corsa MCA Edition Gasolina 100HP AT,2025,17569,CityCar,Automatico,Gasolina,TSWY44,ROJO PEPERONCINO,14480000,www.pompeyo.cl/usados/TSWY44
SEMINUEVOS PLAZA OESTE,Av. Am�rico Vespucio 2451,Cerrillos,OPEL,CORSA,CORSA GS LINE 1.2T AT8,2024,56506,CityCar,Automatico,Gasolina,TFCJ42,AZUL VOLTAIC BLUE MET,13580000,www.pompeyo.cl/usados/TFCJ42
SEMINUEVOS MOVICENTER,Am�rico Vespucio Norte 1155,Huechuraba,OPEL,CORSA,CORSA 4X2 1.2,2025,21367,CityCar,Mecanico,Gasolina,TZGB99,GRIS ALUMINIUM,12980000,www.pompeyo.cl/usados/TZGB99
SEMINUEVOS PLAZA OESTE,Av. Am�rico Vespucio 2451,Cerrillos,OPEL,CORSA,CORSA 1.2 EDITION AT,2024,17840,CityCar,Automatico,Gasolina,THJZ22,ROJO PEPERONCINO RED,13980000,www.pompeyo.cl/usados/THJZ22
SEMINUEVOS MOVICENTER,Am�rico Vespucio Norte 1155,Huechuraba,OPEL,CORSA,CORSA GS LINE 1.2T AT8,2024,59007,CityCar,Automatico,Gasolina,TGDY32,ROJO PEPERONCINO RED,13980000,www.pompeyo.cl/usados/TGDY32
SEMINUEVOS MOVICENTER,Am�rico Vespucio Norte 1155,Huechuraba,OPEL,CORSA,CORSA 1.2 EDITION AT,2025,13649,CityCar,Automatico,Gasolina,TVXS49,ROJO PEPERONCINO RED,14980000,www.pompeyo.cl/usados/TVXS49
SEMINUEVOS PLAZA OESTE,Av. Am�rico Vespucio 2451,Cerrillos,OPEL,CORSA,CORSA 1.2 EDITION AT,2024,40783,CityCar,Automatico,Gasolina,SZZL11,ROJO PEPERONCINO RED,13280000,www.pompeyo.cl/usados/SZZL11
SEMINUEVOS BILBAO,Av. Francisco Bilbao 5318,Las condes,OPEL,CORSA,CORSA HB 1.2 AUT,2022,47043,CityCar,Automatico,Gasolina,SCLG75,GRIS ALUMINIUM,10580000,www.pompeyo.cl/usados/SCLG75
SEMINUEVOS PLAZA OESTE,Av. Am�rico Vespucio 2451,Cerrillos,HYUNDAI,CRETA,CRETA 1.5 SU2I PLUS MT,2024,50794,Suv,Mecanico,Gasolina,TCRT56,PLATEADO PLATA,14880000,www.pompeyo.cl/usados/TCRT56
SEMINUEVOS PLAZA OESTE,Av. Am�rico Vespucio 2451,Cerrillos,OPEL,CROSSLAND,CROSSLAND EDITION 1.2T MT6,2024,29494,Suv,Mecanico,Gasolina,TJPV76,GRIS PLATINIUM,13380000,www.pompeyo.cl/usados/TJPV76
SEMINUEVOS GRAN AVENIDA,Gran Avenida 6771, San miguel,OPEL,CROSSLAND,CROSSLAND X ENJOY 1.2T AT,2019,75559,Suv,Automatico,Gasolina,LJSW23,ROJO,9180000,www.pompeyo.cl/usados/LJSW23
SEMINUEVOS PLAZA OESTE,Av. Am�rico Vespucio 2451,Cerrillos,CHANGAN,CS15,CS15 1.5 ELITE MT,2022,39489,Suv,Mecanico,Gasolina,RSFY97,PLATEADO PLATA,8580000,www.pompeyo.cl/usados/RSFY97
SEMINUEVOS BILBAO,Av. Francisco Bilbao 5318,Las condes,DS,DS 3,DS3 1.2 CROSSBACK PURETECH 155 OPERA AT,2022,49795,CityCar,Automatico,Diesel,RVSK42,AZUL,16980000,www.pompeyo.cl/usados/RVSK42
SEMINUEVOS IRARRAZAVAL,Av Irarrazaval 1330 , �u�oa,SUBARU,FORESTER,FORESTER 2.0 XS AWD CVT AT 5P,2023,58602,Suv,Automatico,Gasolina,SWRW41,PLATEADO HIELO CLARO,21180000,www.pompeyo.cl/usados/SWRW41
SEMINUEVOS MAIPU,Camino a Melipilla 11585,Maipu,SUBARU,FORESTER,FORESTER 2.0 AWD XS AT 4X4,2021,66406,Suv,Automatico,Gasolina,PJHL51,BLANCO CRISTAL PERLADO,19880000,www.pompeyo.cl/usados/PJHL51
SEMINUEVOS PLAZA OESTE,Av. Am�rico Vespucio 2451,Cerrillos,HYUNDAI,GRAND I10,GRAND I-10 1.2 AI3 HB PLUS MT,2023,63006,CityCar,Mecanico,Gasolina,SKSL13,GRIS GRAFITO,9080000,www.pompeyo.cl/usados/SKSL13
SEMINUEVOS GRAN AVENIDA,Gran Avenida 6771, San miguel,HYUNDAI,GRAND I10,GRAND I10 1.2 AI3 HB PLUS FL AT,2025,31097,CityCar,Automatico,Gasolina,TSXD33,GRIS GRAFITO,11680000,www.pompeyo.cl/usados/TSXD33
SEMINUEVOS PLAZA OESTE,Av. Am�rico Vespucio 2451,Cerrillos,OPEL,GRANDLAND,GRANDLAND 1.2T ULTIMATE AT,2024,39150,Suv,Automatico,Gasolina,TBXB15,BLANCO BLANC BANQUISE,19780000,www.pompeyo.cl/usados/TBXB15
SEMINUEVOS BILBAO,Av. Francisco Bilbao 5318,Las condes,OPEL,GRANDLAND X,GRANDLAND X EDITION 1.6T AT,2021,38179,Suv,Automatico,Gasolina,PSVP72,Gris Plata Quartz Grey,15180000,www.pompeyo.cl/usados/PSVP72
SEMINUEVOS BILBAO,Av. Francisco Bilbao 5318,Las condes,OPEL,GRANDLAND X,Grandland GS Gasolina 130HP AT,2025,24577,Suv,Automatico,Gasolina,TSWY64,NEGRO PERLA NERA,18180000,www.pompeyo.cl/usados/TSWY64
SEMINUEVOS MOVICENTER,Am�rico Vespucio Norte 1155,Huechuraba,OPEL,GRANDLAND X,Grandland GS Gasolina 130HP MT,2025,5518,Suv,Mecanico,Gasolina,TSWY66,NEGRO PERLA NERA,18680000,www.pompeyo.cl/usados/TSWY66
SEMINUEVOS IRARRAZAVAL,Av Irarrazaval 1330 , �u�oa,OPEL,GRANDLAND X,GRANDLAND LIMITED 1.5 TD AT8,2021,80459,Suv,Automatico,Diesel,PYBG92,ROJO DARK RUBY RED,16280000,www.pompeyo.cl/usados/PYBG92
SEMINUEVOS GRAN AVENIDA,Gran Avenida 6771, San miguel,GAC GONOW,GS8,GS8 2.0 T GT AT,2023,33875,Suv,Automatico,Gasolina,SZPT76,NEGRO,19180000,www.pompeyo.cl/usados/SZPT76
SEMINUEVOS BILBAO,Av. Francisco Bilbao 5318,Las condes,MG,GT,MG GT 1.5 CVT COM,2022,63114,Sedan,Automatico,Gasolina,RZJX59,GRIS GRAFITO,11180000,www.pompeyo.cl/usados/RZJX59
SEMINUEVOS MAIPU,Camino a Melipilla 11585,Maipu,MG,GT,GT 1.5 DLX DCT AT,2023,28322,Sedan,Automatico,Gasolina,SHKV50,NEGRO,12180000,www.pompeyo.cl/usados/SHKV50
SEMINUEVOS PLAZA OESTE,Av. Am�rico Vespucio 2451,Cerrillos,MG,GT,GT 1.5 COM MT,2025,290,Sedan,Mecanico,Gasolina,VJJX31,GRIS GRAFITO,11780000,www.pompeyo.cl/usados/VJJX31
SEMINUEVOS IRARRAZAVAL,Av Irarrazaval 1330 , �u�oa,MG,GT,GT 1.5 COM MT,2023,29446,Sedan,Mecanico,Gasolina,SKKW11,AZUL METALIZADO,10180000,www.pompeyo.cl/usados/SKKW11
SEMINUEVOS PLAZA OESTE,Av. Am�rico Vespucio 2451,Cerrillos,GREAT WALL,H6,1.5 LUXURY 4X2 5P MT,2019,64871,Suv,Mecanico,Gasolina,LSPD77,GRIS,10380000,www.pompeyo.cl/usados/LSPD77
SEMINUEVOS PLAZA OESTE,Av. Am�rico Vespucio 2451,Cerrillos,HAVAL,HAVAL H6,H6 TURBO DCT 2.0 AUT,2023,23294,Suv,Mecanico,Gasolina,STVL89,ROJO GRANATE,16880000,www.pompeyo.cl/usados/STVL89
SEMINUEVOS MOVICENTER,Am�rico Vespucio Norte 1155,Huechuraba,HONDA,HR-V,HR-V LX 1.5 AUT,2024,24008,Suv,Automatico,Gasolina,TRDL10,GRIS,21080000,www.pompeyo.cl/usados/TRDL10
SEMINUEVOS IRARRAZAVAL,Av Irarrazaval 1330 , �u�oa,MG,HS,NEW MG HS 1.5T DCT TROPHY,2024,11278,Suv,Automatico,Gasolina,TLBB25,AZUL METALIZADO,13180000,www.pompeyo.cl/usados/TLBB25
SEMINUEVOS MOVICENTER,Am�rico Vespucio Norte 1155,Huechuraba,MG,HS,NEW MG HS 1.5T DCT TROPHY,2024,18106,Suv,Automatico,Gasolina,TLBC12,AZUL METALIZADO,14680000,www.pompeyo.cl/usados/TLBC12
SEMINUEVOS BILBAO,Av. Francisco Bilbao 5318,Las condes,SUBARU,IMPREZA,IMPREZA 2.0 AWD SPORT LIMITED EYESIGHT AT 4X4,2023,62817,Sedan,Automatico,Gasolina,SHRG28,BLANCO CRISTAL PERLADO,21480000,www.pompeyo.cl/usados/SHRG28
AUTOSHOPPING,av. Departamental 4500,Macul,SUZUKI,JIMNY,JIMNY 1.5 GL MT 4X4,2024,49591,Jeep,Mecanico,Gasolina,TJXK43,PLATEADO PLATA,17480000,www.pompeyo.cl/usados/TJXK43
SEMINUEVOS MOVICENTER,Am�rico Vespucio Norte 1155,Huechuraba,HAVAL,JOLION,JOLION 1.5 DELUXE AT,2024,7699,Suv,Automatico,Gasolina,TBVR18,BLANCO TITANIO,16380000,www.pompeyo.cl/usados/TBVR18
SEMINUEVOS MOVICENTER,Am�rico Vespucio Norte 1155,Huechuraba,JAC,JS4,JS4 1.6 COMFORT BICOLOR M,2023,34231,Suv,Mecanico,Gasolina,SJLF68,ROJO NEGRO,10380000,www.pompeyo.cl/usados/SJLF68
SEMINUEVOS MAIPU,Camino a Melipilla 11585,Maipu,KIA MOTORS,K3 CROSS,K3 CROSS EX 1.6L 6AT FULL,2025,24947,Sedan,Automatico,Gasolina,TTDZ82,GRIS ACERO,19780000,www.pompeyo.cl/usados/TTDZ82
AUTOSHOPPING,av. Departamental 4500,Macul,KIA MOTORS,K3 CROSS,K3 CROSS EX 1.6L 6MT FULL,2024,28253,Sedan,Mecanico,Gasolina,TKVP43,NEGRO AURORA,18280000,www.pompeyo.cl/usados/TKVP43
SEMINUEVOS MAIPU,Camino a Melipilla 11585,Maipu,NISSAN,KICKS,KICKS 1.6 ADVANCE MT,2024,24180,Suv,Mecanico,Gasolina,TPZB22,GRIS METALICO,15480000,www.pompeyo.cl/usados/TPZB22
AUTOSHOPPING,av. Departamental 4500,Macul,RENAULT,KWID,KWID 1.0 HB ZEN MT,2024,22562,CityCar,Mecanico,Gasolina,TGHJ92,GRIS ESTRELLA,7580000,www.pompeyo.cl/usados/TGHJ92
SEMINUEVOS MAIPU,Camino a Melipilla 11585,Maipu,PEUGEOT,Landtrek,LANDTREK ACTIVE Diesel 180hp 4X4 MT,2025,36708,Camioneta,Mecanico,Diesel,TSWY29,GRIS ALUMINIUM,23180000,www.pompeyo.cl/usados/TSWY29
SEMINUEVOS PLAZA OESTE,Av. Am�rico Vespucio 2451,Cerrillos,PEUGEOT,Landtrek,Landtrek Action4 diesel 180hp 4x4 AT,2025,21,Camioneta,Automatico,Diesel,VHBP47,VERDE OLIVA,27680000,www.pompeyo.cl/usados/VHBP47
SEMINUEVOS MOVICENTER,Am�rico Vespucio Norte 1155,Huechuraba,LANDKING,LK3,LK3 1.6 PICK UP DC MT,2026,3806,Camion,Mecanico,Gasolina,VLLV35,BLANCO,12680000,www.pompeyo.cl/usados/VLLV35
SEMINUEVOS MAIPU,Camino a Melipilla 11585,Maipu,LANDKING,LK5,LK5 PICK UP,2025,17191,Camion,Mecanico,Gasolina,VDGY36,BLANCO,12280000,www.pompeyo.cl/usados/VDGY36
SEMINUEVOS MOVICENTER,Am�rico Vespucio Norte 1155,Huechuraba,MG,MG 3,MG 3 1.5 COM MT,2020,50345,CityCar,Mecanico,Gasolina,LVKG56,BLANCO,7780000,www.pompeyo.cl/usados/LVKG56
SEMINUEVOS MOVICENTER,Am�rico Vespucio Norte 1155,Huechuraba,MG,MG 3,MG3 1.5 STD MT,2022,51009,CityCar,Mecanico,Gasolina,SDVC12,AMARILLO,7780000,www.pompeyo.cl/usados/SDVC12
SEMINUEVOS BILBAO,Av. Francisco Bilbao 5318,Las condes,MG,MG 3,MG 3 1.5 MT STD,2023,29151,CityCar,Mecanico,Gasolina,SSZK86,AMARILLO,7880000,www.pompeyo.cl/usados/SSZK86
AUTOSHOPPING,av. Departamental 4500,Macul,MG,MG 3,MG 3 1.5 COM MT,2024,33506,CityCar,Mecanico,Gasolina,TBFZ11,AMARILLO,8280000,www.pompeyo.cl/usados/TBFZ11
SEMINUEVOS MOVICENTER,Am�rico Vespucio Norte 1155,Huechuraba,MG,MG 3,MG 3 1.5 MT STD,2021,40134,CityCar,Mecanico,Gasolina,RGHF83,BLANCO,7480000,www.pompeyo.cl/usados/RGHF83
SEMINUEVOS PLAZA OESTE,Av. Am�rico Vespucio 2451,Cerrillos,MG,MG 3,MG 3 1.5 MT STD,2022,35845,CityCar,Mecanico,Gasolina,RWYW20,NEGRO,7980000,www.pompeyo.cl/usados/RWYW20
SEMINUEVOS MOVICENTER,Am�rico Vespucio Norte 1155,Huechuraba,MG,MG 3,MG 3 1.5 COM MT,2022,64983,CityCar,Mecanico,Gasolina,RFXP11,BLANCO,8180000,www.pompeyo.cl/usados/RFXP11
SEMINUEVOS PLAZA OESTE,Av. Am�rico Vespucio 2451,Cerrillos,MG,MG 3,MG 3 1.5 MT STD,2022,20652,CityCar,Mecanico,Gasolina,SDSH48,AMARILLO,8080000,www.pompeyo.cl/usados/SDSH48
SEMINUEVOS MAIPU,Camino a Melipilla 11585,Maipu,MG,MG 3,MG 3 1.5 MT STD,2024,31717,CityCar,Mecanico,Gasolina,TFFJ60,NEGRO,8880000,www.pompeyo.cl/usados/TFFJ60
SEMINUEVOS GRAN AVENIDA,Gran Avenida 6771, San miguel,MG,MG 3,MG 3 1.5 COM AT,2023,30435,CityCar,Automatico,Gasolina,SVVV66,AMARILLO,8880000,www.pompeyo.cl/usados/SVVV66
SEMINUEVOS PLAZA OESTE,Av. Am�rico Vespucio 2451,Cerrillos,MG,MG 3,MG 3 1.5 COM MT,2024,14489,CityCar,Mecanico,Gasolina,TPHG25,BLANCO,9080000,www.pompeyo.cl/usados/TPHG25
SEMINUEVOS IRARRAZAVAL,Av Irarrazaval 1330 , �u�oa,MG,MG 3,MG3  1.5 STD AT,2023,17236,CityCar,Automatico,Gasolina,SYLR78,BLANCO,8880000,www.pompeyo.cl/usados/SYLR78
SEMINUEVOS MAIPU,Camino a Melipilla 11585,Maipu,MG,MG3,MG3 1.5L MT COM,2023,21167,CityCar,Mecanico,Gasolina,SVWF61,AMARILLO,8580000,www.pompeyo.cl/usados/SVWF61
SEMINUEVOS PLAZA OESTE,Av. Am�rico Vespucio 2451,Cerrillos,MG,MG3,MG3 1.5L MT STD,2024,55748,CityCar,Mecanico,Gasolina,THZD46,BLANCO,8780000,www.pompeyo.cl/usados/THZD46
SEMINUEVOS GRAN AVENIDA,Gran Avenida 6771, San miguel,MG,MG3,MG3 1.5L AT STD (e5),2024,9258,CityCar,Automatico,Gasolina,TSCW92,AZUL OSCURO,9880000,www.pompeyo.cl/usados/TSCW92
SEMINUEVOS MAIPU,Camino a Melipilla 11585,Maipu,OPEL,MOKKA,MOKKA 1.2 ELEGANCE AT,2022,52168,Suv,Automatico,Gasolina,RPGC28,Gris Plata Quartz Grey,14580000,www.pompeyo.cl/usados/RPGC28
SEMINUEVOS MOVICENTER,Am�rico Vespucio Norte 1155,Huechuraba,OPEL,MOKKA,Mokka Elegance Gasolina 130HP AT,2025,22530,Suv,Automatico,Gasolina,TSWY67,ROJO RUBI METALIZADO,15380000,www.pompeyo.cl/usados/TSWY67
SEMINUEVOS MAIPU,Camino a Melipilla 11585,Maipu,OPEL,MOKKA,MOKKA  1.2 ELEGANCE MT,2022,57487,Suv,Mecanico,Gasolina,SCTP51,BLANCO JADE,11980000,www.pompeyo.cl/usados/SCTP51
SEMINUEVOS MAIPU,Camino a Melipilla 11585,Maipu,OPEL,MOKKA,MOKKA  1.2 ELEGANCE MT,2023,34648,Suv,Mecanico,Gasolina,SLFY93,GRIS ARTENSE,13780000,www.pompeyo.cl/usados/SLFY93
SEMINUEVOS MAIPU,Camino a Melipilla 11585,Maipu,OPEL,MOKKA,Mokka Elegance Gasolina 130HP AT,2024,693,Suv,Automatico,Gasolina,VCCD98,ROJO RUBI METALIZADO,16780000,www.pompeyo.cl/usados/VCCD98
SEMINUEVOS PLAZA OESTE,Av. Am�rico Vespucio 2451,Cerrillos,OPEL,MOKKA,Mokka Elegance Gasolina 130HP AT,2025,2582,Suv,Automatico,Gasolina,VBXK21,AZUL VOLTAIC,18380000,www.pompeyo.cl/usados/VBXK21
SEMINUEVOS MOVICENTER,Am�rico Vespucio Norte 1155,Huechuraba,OPEL,MOKKA,Mokka Elegance Gasolina 130HP AT,2025,4411,Suv,Automatico,Gasolina,VCCG20,AZUL VOLTAIC,18280000,www.pompeyo.cl/usados/VCCG20
SEMINUEVOS GRAN AVENIDA,Gran Avenida 6771, San miguel,OPEL,MOKKA,MOKKA  1.2 ELEGANCE MT,2023,27288,Suv,Mecanico,Gasolina,SGTP81,Gris Plata Quartz Grey,14380000,www.pompeyo.cl/usados/SGTP81
SEMINUEVOS MOVICENTER,Am�rico Vespucio Norte 1155,Huechuraba,OPEL,MOKKA,MOKKA  1.2 GS LINE AT,2022,30124,Suv,Automatico,Gasolina,RWGH77,ROJO,15180000,www.pompeyo.cl/usados/RWGH77
SEMINUEVOS IRARRAZAVAL,Av Irarrazaval 1330 , �u�oa,OPEL,MOKKA,MOKKA 1.2T AUT,2023,27892,Suv,Automatico,Gasolina,SPLZ39,BLANCO BANQUISE,14980000,www.pompeyo.cl/usados/SPLZ39
SEMINUEVOS MAIPU,Camino a Melipilla 11585,Maipu,CHEVROLET,MONTANA,MONTANA 1.2 AUT,2025,16912,Camioneta,Automatico,Gasolina,VBVB35,NEGRO,18980000,www.pompeyo.cl/usados/VBVB35
SEMINUEVOS IRARRAZAVAL,Av Irarrazaval 1330 , �u�oa,KIA MOTORS,MORNING,MORNING 1.2 EX ABS AC MT,2023,87854,CityCar,Mecanico,Gasolina,SGHH81,BLANCO INVIERNO,8880000,www.pompeyo.cl/usados/SGHH81
SEMINUEVOS MOVICENTER,Am�rico Vespucio Norte 1155,Huechuraba,NISSAN,NAVARA,NAVARA D CAB MT 4X4 2.3,2024,56737,Camioneta,Mecanico,Diesel,SZZS34,BLANCO HIELO,24980000,www.pompeyo.cl/usados/SZZS34
SEMINUEVOS MOVICENTER,Am�rico Vespucio Norte 1155,Huechuraba,NISSAN,NAVARA,NAVARA D CAB MT 4X4 2.3,2024,54635,Camioneta,Mecanico,Diesel,SZZS37,BLANCO HIELO,24980000,www.pompeyo.cl/usados/SZZS37
SEMINUEVOS MAIPU,Camino a Melipilla 11585,Maipu,NISSAN,NAVARA,NAVARA 4X2 2.3,2024,47895,Camioneta,Mecanico,Diesel,SZZS31,ROJO MAGNETICO.,19980000,www.pompeyo.cl/usados/SZZS31
SEMINUEVOS MAIPU,Camino a Melipilla 11585,Maipu,NISSAN,NAVARA,NAVARA 4X2 2.3,2024,60535,Camioneta,Mecanico,Diesel,TBDW58,ROJO MAGNETICO.,19980000,www.pompeyo.cl/usados/TBDW58
SEMINUEVOS GRAN AVENIDA,Gran Avenida 6771, San miguel,NISSAN,NAVARA,NAVARA 4X2 2.3,2024,30258,Camioneta,Mecanico,Diesel,TBDX76,ROJO MAGNETICO.,19980000,www.pompeyo.cl/usados/TBDX76
SEMINUEVOS MOVICENTER,Am�rico Vespucio Norte 1155,Huechuraba,NISSAN,NAVARA,NAVARA D CAB MT 4X4 2.3,2024,78717,Camioneta,Mecanico,Diesel,SZZR99,BLANCO HIELO,24980000,www.pompeyo.cl/usados/SZZR99
AUTOSHOPPING,av. Departamental 4500,Macul,NISSAN,NAVARA,NAVARA 4X2 2.3,2024,65802,Camioneta,Mecanico,Diesel,SZZW92,ROJO MAGNETICO.,19980000,www.pompeyo.cl/usados/SZZW92
AUTOSHOPPING,av. Departamental 4500,Macul,NISSAN,NAVARA,NAVARA 4X2 2.3,2024,54232,Camioneta,Mecanico,Diesel,SZZW97,ROJO MAGNETICO.,19980000,www.pompeyo.cl/usados/SZZW97
SEMINUEVOS MOVICENTER,Am�rico Vespucio Norte 1155,Huechuraba,NISSAN,NAVARA,NAVARA 4X2 2.3,2024,56888,Camioneta,Mecanico,Diesel,TBDW51,ROJO MAGNETICO.,19980000,www.pompeyo.cl/usados/TBDW51
SEMINUEVOS MAIPU,Camino a Melipilla 11585,Maipu,NISSAN,NAVARA,NAVARA 4X2 2.3,2024,60713,Camioneta,Mecanico,Diesel,SZZW96,ROJO MAGNETICO.,19980000,www.pompeyo.cl/usados/SZZW96
SEMINUEVOS PLAZA OESTE,Av. Am�rico Vespucio 2451,Cerrillos,NISSAN,NAVARA,NAVARA D CAB MT 4X4 2.3,2024,45295,Camioneta,Mecanico,Diesel,SZZR70,BLANCO HIELO,24980000,www.pompeyo.cl/usados/SZZR70
SEMINUEVOS PLAZA OESTE,Av. Am�rico Vespucio 2451,Cerrillos,NISSAN,NAVARA,NAVARA 4X2 2.3,2024,74635,Camioneta,Mecanico,Diesel,SZZS97,ROJO MAGNETICO.,19980000,www.pompeyo.cl/usados/SZZS97
SEMINUEVOS GRAN AVENIDA,Gran Avenida 6771, San miguel,NISSAN,NAVARA,NAVARA 4X2 2.3,2024,74075,Camioneta,Mecanico,Diesel,SZZR46,BLANCO HIELO,19980000,www.pompeyo.cl/usados/SZZR46
SEMINUEVOS IRARRAZAVAL,Av Irarrazaval 1330 , �u�oa,NISSAN,NAVARA,NAVARA D CAB MT 4X4 2.3,2024,70079,Camioneta,Mecanico,Diesel,SZZS38,BLANCO HIELO,24980000,www.pompeyo.cl/usados/SZZS38
SEMINUEVOS BILBAO,Av. Francisco Bilbao 5318,Las condes,NISSAN,NAVARA,NAVARA 4X2 2.3,2024,65822,Camioneta,Mecanico,Diesel,TBDW56,ROJO MAGNETICO.,19980000,www.pompeyo.cl/usados/TBDW56
AUTOSHOPPING,av. Departamental 4500,Macul,NISSAN,NAVARA,NAVARA 4X2 2.3,2024,69318,Camioneta,Mecanico,Diesel,SZZS24,ROJO MAGNETICO.,19980000,www.pompeyo.cl/usados/SZZS24
SEMINUEVOS MAIPU,Camino a Melipilla 11585,Maipu,NISSAN,NAVARA,NAVARA 4X2 2.3,2024,48969,Camioneta,Mecanico,Diesel,TBDX86,ROJO MAGNETICO.,19980000,www.pompeyo.cl/usados/TBDX86
AUTOSHOPPING,av. Departamental 4500,Macul,NISSAN,NAVARA,NAVARA D CAB MT 4X4 2.3,2024,69200,Camioneta,Mecanico,Diesel,SZZS26,BLANCO HIELO,24980000,www.pompeyo.cl/usados/SZZS26
SEMINUEVOS MAIPU,Camino a Melipilla 11585,Maipu,NISSAN,NAVARA,NAVARA 4X2 2.3,2024,64388,Camioneta,Mecanico,Diesel,SZZS96,ROJO MAGNETICO.,19980000,www.pompeyo.cl/usados/SZZS96
AUTOSHOPPING,av. Departamental 4500,Macul,NISSAN,NAVARA,NAVARA 4X2 2.3,2024,62622,Camioneta,Mecanico,Diesel,SZZR60,ROJO MAGNETICO.,19980000,www.pompeyo.cl/usados/SZZR60
SEMINUEVOS IRARRAZAVAL,Av Irarrazaval 1330 , �u�oa,NISSAN,NAVARA,NAVARA 4X2 2.3,2024,58465,Camioneta,Mecanico,Diesel,TBDV35,ROJO MAGNETICO.,19980000,www.pompeyo.cl/usados/TBDV35
SEMINUEVOS MAIPU,Camino a Melipilla 11585,Maipu,NISSAN,NAVARA,NAVARA 4X2 2.3,2024,65084,Camioneta,Mecanico,Diesel,SZZT71,ROJO MAGNETICO.,19980000,www.pompeyo.cl/usados/SZZT71
SEMINUEVOS MAIPU,Camino a Melipilla 11585,Maipu,NISSAN,NAVARA,NAVARA 4X2 2.3,2024,69633,Camioneta,Mecanico,Diesel,SZZS32,ROJO MAGNETICO.,19980000,www.pompeyo.cl/usados/SZZS32
SEMINUEVOS IRARRAZAVAL,Av Irarrazaval 1330 , �u�oa,NISSAN,NAVARA,NAVARA D CAB MT 4X4 2.3,2024,64443,Camioneta,Mecanico,Diesel,SZZR85,BLANCO HIELO,24980000,www.pompeyo.cl/usados/SZZR85
SEMINUEVOS PLAZA OESTE,Av. Am�rico Vespucio 2451,Cerrillos,NISSAN,NAVARA,NAVARA D CAB MT 4X4 2.3,2024,64536,Camioneta,Mecanico,Diesel,SZZR72,BLANCO HIELO,24980000,www.pompeyo.cl/usados/SZZR72
SEMINUEVOS MAIPU,Camino a Melipilla 11585,Maipu,NISSAN,NAVARA,NAVARA 4X2 2.3,2024,69100,Camioneta,Mecanico,Diesel,TBDW53,ROJO MAGNETICO.,19980000,www.pompeyo.cl/usados/TBDW53
SEMINUEVOS PLAZA OESTE,Av. Am�rico Vespucio 2451,Cerrillos,NISSAN,NAVARA,NAVARA 4X2 2.3,2024,56434,Camioneta,Mecanico,Diesel,SZZR78,BLANCO HIELO,19980000,www.pompeyo.cl/usados/SZZR78
SEMINUEVOS PLAZA OESTE,Av. Am�rico Vespucio 2451,Cerrillos,NISSAN,NAVARA,NAVARA D CAB MT 4X4 2.3,2024,67113,Camioneta,Mecanico,Diesel,SZZS12,BLANCO HIELO,24980000,www.pompeyo.cl/usados/SZZS12
SEMINUEVOS IRARRAZAVAL,Av Irarrazaval 1330 , �u�oa,NISSAN,NAVARA,NAVARA 4X2 2.3,2024,58554,Camioneta,Mecanico,Diesel,SZZR57,ROJO MAGNETICO.,19980000,www.pompeyo.cl/usados/SZZR57
SEMINUEVOS MOVICENTER,Am�rico Vespucio Norte 1155,Huechuraba,NISSAN,NAVARA,NAVARA 4X2 2.3,2024,61747,Camioneta,Mecanico,Diesel,SZZS99,ROJO MAGNETICO.,19980000,www.pompeyo.cl/usados/SZZS99
SEMINUEVOS GRAN AVENIDA,Gran Avenida 6771, San miguel,OPEL,NEW GRANDLAND,NEW GRANDLAND GS HYBRID 136 HP AT,2025,1854,Suv,Automatico,Hibrido,VGGW64,GRIS ALUMINIUM,27480000,www.pompeyo.cl/usados/VGGW64
SEMINUEVOS MAIPU,Camino a Melipilla 11585,Maipu,PEUGEOT,Nuevo 2008,2008 MCA ALLURE Gasolina 130hp MT,2025,4583,Suv,Mecanico,Gasolina,TSWY30,Blanco Okenite,17180000,www.pompeyo.cl/usados/TSWY30
AUTOSHOPPING,av. Departamental 4500,Macul,PEUGEOT,Nuevo 2008,2008 MCA Style Hybrid 136hp AT,2025,18993,Suv,Automatico,Hibrido,VBHK74,Blanco Okenite,18480000,www.pompeyo.cl/usados/VBHK74
SEMINUEVOS MAIPU,Camino a Melipilla 11585,Maipu,PEUGEOT,Nuevo 208,208 MCA Style Gasolina 75hp MT,2025,4265,Suv,Mecanico,Gasolina,VBHL57,GRIS ARTENSE,12080000,www.pompeyo.cl/usados/VBHL57
SEMINUEVOS MOVICENTER,Am�rico Vespucio Norte 1155,Huechuraba,PEUGEOT,Nuevo 208,208 MCA Style Gasolina 75hp MT,2025,2795,Suv,Mecanico,Gasolina,VBHL11,BLANCO BANQUISE,12080000,www.pompeyo.cl/usados/VBHL11
SEMINUEVOS GRAN AVENIDA,Gran Avenida 6771, San miguel,PEUGEOT,NUEVO 5008,5008 Allure Pack THP 165 EAT6,2025,9422,Suv,Automatico,Gasolina,TSWY48,GRIS ARTENSE,24580000,www.pompeyo.cl/usados/TSWY48
SEMINUEVOS MOVICENTER,Am�rico Vespucio Norte 1155,Huechuraba,PEUGEOT,NUEVO 5008,NUEVO 5008 1.6 GT PURETECH 180 AT,2022,75793,Suv,Automatico,Diesel,RHZS66,BLANCO NACARADO,22080000,www.pompeyo.cl/usados/RHZS66
AUTOSHOPPING,av. Departamental 4500,Macul,GEELY,OKAVANGO,Okavango Signature GF  2.0 T 7DCT ADAS,2025,9401,Suv,Automatico,Gasolina,TYBZ86,NEGRO,21580000,www.pompeyo.cl/usados/TYBZ86
SEMINUEVOS PLAZA OESTE,Av. Am�rico Vespucio 2451,Cerrillos,PEUGEOT,Partner,PARTNER MCA L1 Diesel 100hp MT,2025,4468,Furgon,Mecanico,Diesel,VBHL36,BLANCO HIELO,17880000,www.pompeyo.cl/usados/VBHL36
SEMINUEVOS PLAZA OESTE,Av. Am�rico Vespucio 2451,Cerrillos,FIAT,PULSE,PULSE 1.0 IMPETUS CVT AT,2023,34204,CityCar,Automatico,Gasolina,SSPJ28,NEGRO VULCANO,13380000,www.pompeyo.cl/usados/SSPJ28
SEMINUEVOS IRARRAZAVAL,Av Irarrazaval 1330 , �u�oa,FIAT,PULSE,PULSE 1.0 IMPETUS CVT AT,2023,42615,CityCar,Automatico,Gasolina,SPLR73,GRIS BARI,13480000,www.pompeyo.cl/usados/SPLR73
SEMINUEVOS MAIPU,Camino a Melipilla 11585,Maipu,NISSAN,QASHQAI,QASHQAI 1.3T SENSE MT,2023,39225,Suv,Mecanico,Gasolina,SJGC22,BLANCO PERLA,18880000,www.pompeyo.cl/usados/SJGC22
AUTOSHOPPING,av. Departamental 4500,Macul,NISSAN,QASHQAI,QASHQAI 1.3T SENSE MT,2023,61451,Suv,Mecanico,Gasolina,SGTD93,GRIS METALICO,18380000,www.pompeyo.cl/usados/SGTD93
SEMINUEVOS MOVICENTER,Am�rico Vespucio Norte 1155,Huechuraba,JEEP,RENEGADE,RENEGADE 1.8 SPORT LX MT,2022,29129,Jeep,Mecanico,Gasolina,RRTH94,NEGRO OPACO,13180000,www.pompeyo.cl/usados/RRTH94
SEMINUEVOS MAIPU,Camino a Melipilla 11585,Maipu,SSANGYONG,REXTON,REXTON 2.2 GLX AT DIESEL,2022,58767,Suv,Automatico,Diesel,RHZY20,BLANCO PERLA,23580000,www.pompeyo.cl/usados/RHZY20
AUTOSHOPPING,av. Departamental 4500,Macul,MG,RX5,RX5 1.5 COM TST AT,2019,85043,Suv,Automatico,Gasolina,LSCK38,BLANCO,10480000,www.pompeyo.cl/usados/LSCK38
SEMINUEVOS GRAN AVENIDA,Gran Avenida 6771, San miguel,KIA MOTORS,SELTOS,SELTOS 1.4 T EX AT,2024,35141,Suv,Automatico,Gasolina,THFG96,AZUL TURQUESA,19180000,www.pompeyo.cl/usados/THFG96
SEMINUEVOS GRAN AVENIDA,Gran Avenida 6771, San miguel,KIA MOTORS,SOLUTO,SOLUTO EX 1.4L 5MT G SRF FULL,2025,5557,Suv,Mecanico,Gasolina,VBFT40,PLATEADO PLATA TITANIO,10880000,www.pompeyo.cl/usados/VBFT40
SEMINUEVOS MAIPU,Camino a Melipilla 11585,Maipu,KIA MOTORS,SONET,SONET 1.5 EX FULL PLUS AC MT,2023,52692,Suv,Mecanico,Gasolina,SJKW23,ROJO RUBI,14480000,www.pompeyo.cl/usados/SJKW23
AUTOSHOPPING,av. Departamental 4500,Macul,KIA MOTORS,SONET,SONET 1.5 EX FULL PLUS AC MT,2022,36205,suv,Mecanico,Gasolina,RXZV56,GRIS ACERO,14680000,www.pompeyo.cl/usados/RXZV56
SEMINUEVOS PLAZA OESTE,Av. Am�rico Vespucio 2451,Cerrillos,KIA MOTORS,SPORTAGE,SPORTAGE EX 2.0L 6MT GSL.,2023,60835,Suv,Mecanico,Gasolina,SFVT49,BLANCO INVIERNO,19980000,www.pompeyo.cl/usados/SFVT49
AUTOSHOPPING,av. Departamental 4500,Macul,GEELY,STARRAY,STARRAY SIGNATURE 2.0 AT,2025,15963,Suv,Automatico,Gasolina,TZGJ36,PLATEADO PLATA,20480000,www.pompeyo.cl/usados/TZGJ36
SEMINUEVOS PLAZA OESTE,Av. Am�rico Vespucio 2451,Cerrillos,GEELY,STARRAY,STARRAY SIGNATURE 2.0 AT,2025,8445,Suv,Automatico,Gasolina,VGZW93,VERDE,21280000,www.pompeyo.cl/usados/VGZW93
SEMINUEVOS MOVICENTER,Am�rico Vespucio Norte 1155,Huechuraba,GEELY,STARRAY,STARRAY EXCLUSIVE GK 2.0T 7DCT,2025,6607,Suv,Automatico,Gasolina,TYJT41,BLANCO,19180000,www.pompeyo.cl/usados/TYJT41
SEMINUEVOS MAIPU,Camino a Melipilla 11585,Maipu,DFSK,SUV 500,500 1.5 LUXURY,2023,13914,Suv,Mecanico,Gasolina,SGKV81,GRIS OSCURO,9480000,www.pompeyo.cl/usados/SGKV81
SEMINUEVOS MOVICENTER,Am�rico Vespucio Norte 1155,Huechuraba,DFSK,SUV 500,500 1.5 LUXURY MT 5P,2023,47078,Suv,Mecanico,Gasolina,SKJB62,NEGRO,9480000,www.pompeyo.cl/usados/SKJB62
SEMINUEVOS GRAN AVENIDA,Gran Avenida 6771, San miguel,DFSK,SUV 500,SUV 500 1.5 LUXURY MT,2023,64295,Suv,Mecanico,Gasolina,SJCJ56,BLANCO,9180000,www.pompeyo.cl/usados/SJCJ56
SEMINUEVOS MAIPU,Camino a Melipilla 11585,Maipu,DFSK,SUV 500,500  1.5 COMFORT MT,2023,28699,Suv,Mecanico,Gasolina,SYLL62,GRIS OSCURO,9180000,www.pompeyo.cl/usados/SYLL62
SEMINUEVOS BILBAO,Av. Francisco Bilbao 5318,Las condes,DFSK,SUV 600,600 PHEV Elite Pro,2025,6231,Suv,Automatico,Hibrido,TYKF37,GRIS CLARO,20180000,www.pompeyo.cl/usados/TYKF37
SEMINUEVOS MOVICENTER,Am�rico Vespucio Norte 1155,Huechuraba,NISSAN,QASHQAI,QASHQAI TURBO 1.3,2023,34203,suv,Mecanico,Gasolina,SRVZ51,PLATEADO PLATA SATIN,18880000,www.pompeyo.cl/usados/SRVZ51
SEMINUEVOS IRARRAZAVAL,Av Irarrazaval 1330 , �u�oa,DFSK,SUV 600,600 PHEV Elite Pro,2025,7112,Suv,Automatico,Hibrido,VDZJ72,VERDE,20180000,www.pompeyo.cl/usados/VDZJ72
SEMINUEVOS MOVICENTER,Am�rico Vespucio Norte 1155,Huechuraba,DFSK,SUV 600,600 PHEV Elite Pro,2025,15328,Suv,Automatico,Hibrido,TWHH96,VERDE,20180000,www.pompeyo.cl/usados/TWHH96
AUTOSHOPPING,av. Departamental 4500,Macul,DFSK,SUV 600,600 COMFORT 1.5T AT,2024,37509,Suv,Automatico,Gasolina,TFBX23,NEGRO,16180000,www.pompeyo.cl/usados/TFBX23
SEMINUEVOS IRARRAZAVAL,Av Irarrazaval 1330 , �u�oa,DFSK,SUV 600,SUV 600 1.5 ELITE AT HIBRIDO,2025,16155,Suv,Automatico,Hibrido,VJHX36,GRIS CLARO,18780000,www.pompeyo.cl/usados/VJHX36
SEMINUEVOS MAIPU,Camino a Melipilla 11585,Maipu,SUZUKI,SWIFT,SWIFT 1.2 GLX PLUS AT,2024,41464,CityCar,Automatico,Gasolina,TKXC33,AZUL,13480000,www.pompeyo.cl/usados/TKXC33
SEMINUEVOS PLAZA OESTE,Av. Am�rico Vespucio 2451,Cerrillos,DFM,T5,T5 1.5 NOBLE AT,2024,25282,Suv,Automatico,Gasolina,TBWX21,NEGRO,13880000,www.pompeyo.cl/usados/TBWX21
SEMINUEVOS BILBAO,Av. Francisco Bilbao 5318,Las condes,VOLKSWAGEN,TAOS,TAOS 1.4 TSI HIGHLINE AT,2025,19558,Suv,Automatico,Gasolina,TVSW61,BLANCO PURO,24380000,www.pompeyo.cl/usados/TVSW61
SEMINUEVOS IRARRAZAVAL,Av Irarrazaval 1330 , �u�oa,CHERY,TIGGO 3,TIGGO 3  1.5 GLS AT,2023,60982,Suv,Automatico,Gasolina,SKKS96,AZUL METALIZADO,10180000,www.pompeyo.cl/usados/SKKS96
AUTOSHOPPING,av. Departamental 4500,Macul,CHERY,TIGGO 7,TIGGO 7  1.5 PRO GLS AT,2024,23469,Suv,Automatico,Gasolina,TPCX29,ROJO METALIZADO,13780000,www.pompeyo.cl/usados/TPCX29
SEMINUEVOS PLAZA OESTE,Av. Am�rico Vespucio 2451,Cerrillos,CHERY,TIGGO 7,TIGGO 7  1.5 PRO GLS AT,2021,60569,Suv,Automatico,Gasolina,RCFR34,GRIS PLATA,12780000,www.pompeyo.cl/usados/RCFR34
AUTOSHOPPING,av. Departamental 4500,Macul,CHERY,TIGGO 7,TIGGO7 1.5 PRO GLX AT,2022,73257,Suv,Automatico,Gasolina,RFLV11,GRIS PLATA,12080000,www.pompeyo.cl/usados/RFLV11
SEMINUEVOS MOVICENTER,Am�rico Vespucio Norte 1155,Huechuraba,CHERY,TIGGO 7,TIGGO7 1.5 PRO GLX AT,2024,32904,Suv,Automatico,Gasolina,TFHK57,GRIS GRAFITO,14180000,www.pompeyo.cl/usados/TFHK57
SEMINUEVOS MOVICENTER,Am�rico Vespucio Norte 1155,Huechuraba,CHERY,TIGGO 7,TIGGO 7  1.5 PRO GLS AT,2022,64387,Suv,Automatico,Gasolina,SFBK74,BLANCO METALIZADO,12180000,www.pompeyo.cl/usados/SFBK74
SEMINUEVOS PLAZA OESTE,Av. Am�rico Vespucio 2451,Cerrillos,CHERY,TIGGO 8,TIGGO 8 1.5 GLS MT,2021,84697,Suv,Mecanico,Gasolina,RBJW71,BLANCO,11180000,www.pompeyo.cl/usados/RBJW71
SEMINUEVOS MOVICENTER,Am�rico Vespucio Norte 1155,Huechuraba,VOLKSWAGEN,TIGUAN,TIGUAN 2.0 TSI R-LINE AT 4X4,2023,73382,Suv,Automatico,Gasolina,SHKX52,GRIS PLATINO,29480000,www.pompeyo.cl/usados/SHKX52
SEMINUEVOS MOVICENTER,Am�rico Vespucio Norte 1155,Huechuraba,VOLKSWAGEN,TIGUAN,TIGUAN 1.4 TSI COMFORTLINE AT,2023,25770,Suv,Automatico,Gasolina,SVTH35,BLANCO PURO,21980000,www.pompeyo.cl/usados/SVTH35
SEMINUEVOS MAIPU,Camino a Melipilla 11585,Maipu,VOLKSWAGEN,TIGUAN,TIGUAN TSI 1.4 AUT,2021,97022,Suv,Automatico,Gasolina,LXZG19,GRIS PLATINO,17480000,www.pompeyo.cl/usados/LXZG19
SEMINUEVOS MOVICENTER,Am�rico Vespucio Norte 1155,Huechuraba,DFSK,TRUCK,TRUCK 1.0 CABINA DOBLE C22I MT,2023,42597,Camion,Mecanico,Gasolina,STWK96,BLANCO,7380000,www.pompeyo.cl/usados/STWK96
SEMINUEVOS MOVICENTER,Am�rico Vespucio Norte 1155,Huechuraba,EXEED,TXL,TXL 2.0 UNLIMITED AT 4X4,2023,54214,Suv,Automatico,Gasolina,SLYT37,GRIS HAVANA,18180000,www.pompeyo.cl/usados/SLYT37
AUTOSHOPPING,av. Departamental 4500,Macul,NISSAN,VERSA,VERSA 1.6 SENSE AT,2023,66164,Sedan,Automatico,Gasolina,SPWJ97,BLANCO PERLA,12680000,www.pompeyo.cl/usados/SPWJ97
SEMINUEVOS PLAZA OESTE,Av. Am�rico Vespucio 2451,Cerrillos,NISSAN,VERSA,VERSA 1.6 SENSE AT,2017,81546,Sedan,Automatico,Gasolina,JJTF57,PLATEADO PLATA,7380000,www.pompeyo.cl/usados/JJTF57
SEMINUEVOS PLAZA OESTE,Av. Am�rico Vespucio 2451,Cerrillos,NISSAN,VERSA,VERSA MT 1.6,2023,65788,Sedan,Mecanico,Gasolina,STZR94,PLATEADO,11480000,www.pompeyo.cl/usados/STZR94
SEMINUEVOS MAIPU,Camino a Melipilla 11585,Maipu,JMC,VIGUS,VIGRUS 2.0 PRO DIESEL AT,2024,57288,Camioneta,Automatico,Diesel,TGDD52,PLATEADO,16280000,www.pompeyo.cl/usados/TGDD52
AUTOSHOPPING,av. Departamental 4500,Macul,NISSAN,X-TRAIL,X-TRAIL 2.5 SENSE 2ROW AT,2024,60776,suv,Automatico,Gasolina,TFSH78,ROJO METALICO,23780000,www.pompeyo.cl/usados/TFSH78
AUTOSHOPPING,av. Departamental 4500,Macul,NISSAN,X-TRAIL,X TRAIL 7P 4X4 2.5 AUT,2025,28950,suv,Automatico,Gasolina,TWTC91,PLATEADO PLATA,28180000,www.pompeyo.cl/usados/TWTC91
SEMINUEVOS PLAZA OESTE,Av. Am�rico Vespucio 2451,Cerrillos,NISSAN,X-TRAIL,X TRAIL 7P 4X4 2.5 AUT,2025,25027,suv,Automatico,Gasolina,TWTC93,PLATEADO PLATA,28180000,www.pompeyo.cl/usados/TWTC93
SEMINUEVOS MAIPU,Camino a Melipilla 11585,Maipu,NISSAN,X-TRAIL,X TRAIL 7P 4X4 2.5 AUT,2025,22717,suv,Automatico,Gasolina,TWTC94,BLANCO PERLA,28180000,www.pompeyo.cl/usados/TWTC94
SEMINUEVOS MOVICENTER,Am�rico Vespucio Norte 1155,Huechuraba,KIA MOTORS,SELTOS,SELTOS EX 1.4L 7DCT TURBO-GDI,2025,24240,Suv,Automatico,Gasolina,TTFC75,ROJO ESCARLATA,18580000,www.pompeyo.cl/usados/TTFC75
SEMINUEVOS MOVICENTER,Am�rico Vespucio Norte 1155,Huechuraba,NISSAN,X-TRAIL,X-TRAIL 2.5 EXCLUSIVE AT 4X4,2023,22518,suv,Automatico,Gasolina,SLHK37,AZUL TECHO NEGRO,25380000,www.pompeyo.cl/usados/SLHK37
AUTOSHOPPING,av. Departamental 4500,Macul,NISSAN,X-TRAIL,NEW X-TRAIL 2.5 SENSE 3ROW AT,2024,38099,suv,Automatico,Gasolina,TCYG72,BLANCO PERLA,22880000,www.pompeyo.cl/usados/TCYG72
SEMINUEVOS PLAZA OESTE,Av. Am�rico Vespucio 2451,Cerrillos,KIA MOTORS,SELTOS,SELTOS EX 1.4L 7DCT TURBO-GDI,2025,14599,suv,Automatico,Gasolina,TTFC40,AZUL TURQUESA,20980000,www.pompeyo.cl/usados/TTFC40
SEMINUEVOS MAIPU,Camino a Melipilla 11585,Maipu,NISSAN,X-TRAIL,X-TRAIL 2.5 EXCLUSIVE AT 4X4,2023,21396,suv,Automatico,Gasolina,SPDP44,ROJO METALICO,25180000,www.pompeyo.cl/usados/SPDP44
SEMINUEVOS MAIPU,Camino a Melipilla 11585,Maipu,KIA MOTORS,SOLUTO,SOLUTO LX 1.4,2022,59148,Sedan,Mecanico,Gasolina,RPKP81,BLANCO INVIERNO,8580000,www.pompeyo.cl/usados/RPKP81
AUTOSHOPPING,av. Departamental 4500,Macul,NISSAN,X-TRAIL,X-TRAIL 2.5 ADVANCE 3ROW AT,2024,43774,suv,Automatico,Gasolina,TJBS70,PLATEADO PLATA,24180000,www.pompeyo.cl/usados/TJBS70
SEMINUEVOS MAIPU,Camino a Melipilla 11585,Maipu,MAHINDRA,XUV300,XUV300 1.2 ELITE MT,2024,8403,suv,Mecanico,Gasolina,TBSD56,PLATEADO,10980000,www.pompeyo.cl/usados/TBSD56
SEMINUEVOS GRAN AVENIDA,Gran Avenida 6771, San miguel,TOYOTA,YARIS,YARIS CROSS 1.5 XI MT,2024,32965,,Mecanico,Gasolina,TGDT78,VERDE OSCURO,17080000,www.pompeyo.cl/usados/TGDT78
SEMINUEVOS GRAN AVENIDA,Gran Avenida 6771, San miguel,MG,ZS,MG ZS 1.5L MT STD ESP,2020,59941,suv,Mecanico,Gasolina,LXLY66,NEGRO,8480000,www.pompeyo.cl/usados/LXLY66
SEMINUEVOS PLAZA OESTE,Av. Am�rico Vespucio 2451,Cerrillos,MG,ZS,MG ZS 1.5L AT COM,2023,34620,suv,Automatico,Gasolina,SVKD31,NARANJO METALIZADO,10380000,www.pompeyo.cl/usados/SVKD31
SEMINUEVOS PLAZA OESTE,Av. Am�rico Vespucio 2451,Cerrillos,DFSK,SUV 500,SUV 500 1.5,2023,56832,suv,Mecanico,Gasolina,SHRX89,GRIS OSCURO,8780000,www.pompeyo.cl/usados/SHRX89
SEMINUEVOS PLAZA OESTE,Av. Am�rico Vespucio 2451,Cerrillos,MG,ZS,ZS 1.5 STD AT,2023,24718,suv,Automatico,Gasolina,SLZX71,NARANJO NARANJA METALIZADO,10380000,www.pompeyo.cl/usados/SLZX71
SEMINUEVOS PLAZA OESTE,Av. Am�rico Vespucio 2451,Cerrillos,MG,ZS,MG ZS 1.5L MT STD ESP,2024,18415,suv,Mecanico,Gasolina,TFCR72,BLANCO,9580000,www.pompeyo.cl/usados/TFCR72
SEMINUEVOS PLAZA OESTE,Av. Am�rico Vespucio 2451,Cerrillos,DFSK,SUV 560,SUV 560 OTTO 1.8,2023,18215,suv,Mecanico,Gasolina,SPLG91,GRIS CLARO,9980000,www.pompeyo.cl/usados/SPLG91
SEMINUEVOS MAIPU,Camino a Melipilla 11585,Maipu,MG,ZS,ZS 1.5 COM MT,2021,52243,suv,Mecanico,Gasolina,PPSS45,AZUL,8980000,www.pompeyo.cl/usados/PPSS45
SEMINUEVOS PLAZA OESTE,Av. Am�rico Vespucio 2451,Cerrillos,MG,ZX,ZX 1.3T TROPHY AT,2021,77773,suv,Automatico,Gasolina,RDCJ10,AZUL,11180000,www.pompeyo.cl/usados/RDCJ10
SEMINUEVOS MOVICENTER,Am�rico Vespucio Norte 1155,Huechuraba,MG,ZX,ZX 1.3T TROPHY AT,2024,26664,suv,Automatico,Gasolina,TFZW58,GRIS PLATA,12680000,www.pompeyo.cl/usados/TFZW58
SEMINUEVOS MAIPU,Camino a Melipilla 11585,Maipu,MG,ZX,ZX 1.5 DLX MT (,2023,21826,suv,Mecanico,Gasolina,SLRC15,NEGRO,10180000,www.pompeyo.cl/usados/SLRC15
SEMINUEVOS MAIPU,Camino a Melipilla 11585,Maipu,MG,ZX,ZX 1.5 DLX MT (,2022,46780,suv,Mecanico,Gasolina,RJFC78,BLANCO,9380000,www.pompeyo.cl/usados/RJFC78